Statistics,initialDens (%),initialTemp (%),NH2 (%),zeta (%),radfield (%)
Mean fractional error,2.715398,1.130408,0.85918,2.739972,1.989839
16th percentile,1.98353469957008,0.323451382995786,0.300269795970825,0.934948021804957,0.542487666925666
83rd percentile,3.42636010228337,1.87981321660102,1.35974467680872,4.41187574965212,3.35247772409697