Statistics,initialDens (%),initialTemp (%),NH2 (%),zeta (%),radfield (%)
Mean fractional error,3.264271,0.430171,1.368367,1.440916,4.122517
16th percentile,2.90939781442064,0.107905183843613,0.705793376503176,0.887679355113609,2.64098233000896
83rd percentile,3.60009300549101,0.743359672513627,1.98502737698257,1.96471797401635,5.54886009885283