Statistics,initialDens (%),initialTemp (%),NH2 (%),zeta (%),radfield (%)
Mean fractional error,0.18499381,0.19077526,0.17464921,0.1338491,0.16113867
16th percentile,0.0321577579224737,0.0364342483868608,0.053924549261092,0.0209794077938627,0.0234634448406243
83rd percentile,0.319285066239635,0.32365038929193,0.263783902954039,0.215865252438394,0.28192066012529